2.3235114;-1.2419559;2.756899;-0.16685963;-0.71766543;-0.7451658;-2.3545017;1.6599367;-1.765188;8.12333;17.913324;3.9232621;-2.2046463;2.2028193;9.088297;-1.5542012;0.70824504;1.4342968;6.854068;4.2660503;-0.87049407;0.53078043;-2.5159163;4.6982775;2.1742182;3.2568502;-1.6071731;6.425991;4.9529676;1.6168914;1.2778673;2.3637452;-3.587007;-3.810876;0.79580665;0.8514683;-2.589464;-1.9738268;5.2357745;5.1026497;2.0950196;0.73017406;-0.3098123;0.108931065;-1.1396477;-2.35738;-1.6290876;0.0721519;0.086031914;1.0797386;-0.95956707;1.0603786;-0.079203606;1.1292572;-0.9092188;0.9772644;-0.9156492;0.8900311;0.65427065;1.6765741;0.12167311;0.79935634;-1.0578742;-0.97122216;0.44108677;0.13344431;0.9415201;0.34071827;-3.4136286;-1.5880666;0.29727197;-0.80855584;1.6159556;-2.9736032;-1.5905845;-0.17800331;-1.8132815;0.9994061;2.9425378;-0.22803414;-0.019549608;-0.8200481;-0.84501576;0.39203954;0.032524586;-0.1319232;-0.46916032;-2.099444;0.17427802;1.2295008;-0.9224236;-0.048411608;-3.945864;-0.30211067;2.0077076;-0.6752076;-1.6481147;-1.9055641;-0.8815992;-1.7936819;-3.193574;-2.141337;-1.1571021;-0.46802855;0.17854261;-0.35304284;0.93894386;-3.1837273;-1.1701252;-1.9687618;0.54700065;-0.35644317;-1.310061;-0.3323226;-0.8738055;-0.83137107;-0.116786;-4.5271215;0.16574383;-0.98619294;0.9101126;0.24644637;1.2857031;-1.9634132;1.5883913;-2.6811986;2.0311446;-0.17631865;-2.4692636;-0.04565549;-4.3477306;0.2180574;0.21793914;0.9376581;1.5920897;1.2153671;2.5495994;-0.6485722;0.22213411;-2.5479233;0.45919394;-3.3302846;0.28070712;-2.156133;-2.230844;-0.5737748;-3.3893054;0.05991888;2.8896055;-0.2704363;-0.2854662;0.39568114;-11.027275;
-1.6757475;-4.5020003;-2.0880933;-5.7427893;-4.746832;-4.2225904;-4.6314135;-3.2410684;-5.1696377;-4.300548;-0.7428948;-1.2901365;-6.1574535;-5.614584;-0.31254107;-3.9316018;-4.973094;-2.6713917;-1.6047449;9.959266;-4.802841;-2.1473305;-5.2251573;3.6478655;-1.0465811;-1.0356548;-3.921979;-2.0304282;-2.0488904;-0.15086263;-1.3623376;1.2903061;-6.656492;-5.5097904;-4.3008957;-3.1572838;-3.4524486;-2.6456704;-2.146666;-1.451181;-5.287342;-3.5530498;-5.3876567;-4.72277;-4.13999;-6.122329;-4.400239;-4.393542;-4.1475677;-2.6562283;-4.442471;-5.3356314;-3.325864;-4.025312;-3.7375634;-0.031136632;-0.7451327;0.07625091;-1.2351745;-2.5272698;-3.627967;-3.9392548;-1.8182647;-3.5029838;-4.257575;-4.331726;-4.102936;-2.5665128;-7.4599876;-6.089112;-6.411293;-4.061915;0.20454323;-5.0160103;-0.5747998;-3.8292902;-8.0447855;-2.7825017;-0.54648614;-4.2017946;-5.843072;1.938331;-4.7947435;-0.5455526;-5.0198474;1.5036862;-4.2461343;-3.9004192;-4.2636805;-0.63728714;-3.1665115;-4.3110504;-6.845674;-5.1504703;2.5828269;-0.54155993;-5.0832872;-4.721429;-4.8863535;-6.5532565;-4.8968964;-7.0444193;-5.1438255;-5.1376624;-2.6206837;-5.3551836;-3.6544561;-5.687346;-7.2804737;-4.745558;-3.9052083;-5.9664707;-5.374409;-8.35342;-7.97626;-5.911417;-3.3987956;-9.3406515;-4.874971;-6.5034056;-3.8286746;-3.891753;-3.44588;-5.9558516;-4.191038;-6.67997;-3.71566;-6.0440598;-6.02993;-4.8507633;-11.096565;-4.1016903;-4.5223446;-6.063005;-4.350261;-4.459153;-3.7925773;-5.058711;-7.5201693;-6.146442;-4.208866;-9.580679;-5.860079;-6.855526;-7.2202125;-4.983464;-6.352561;-8.417706;-3.3278213;-4.5995936;-6.3992643;-3.6884305;-1.3463688;
-7.077384;-9.895883;-2.5922456;-5.7118464;-8.288889;-11.2157955;-9.071723;-5.8671093;-4.4464197;-7.5812316;-4.5163245;-5.0347986;-10.013073;-10.134845;-6.1508255;-9.718146;-5.606924;-7.4874825;-6.537941;5.9214835;-7.53971;0.33951378;-10.892151;-1.2570093;-15.254351;-8.22017;-5.643659;-6.2718782;-5.9344015;7.2450595;2.9260228;-0.07802898;-8.058933;-10.50276;-8.05452;-5.387353;-3.6131473;0.41476792;-3.4917636;-4.417741;-4.869065;-8.194308;-8.533821;-9.504254;-9.080089;-6.9473596;-8.699704;-8.626736;-8.286057;-7.7666564;-9.035691;-9.142162;-8.101078;-9.831772;-7.5884705;-5.2504454;-5.3329883;-3.0772922;-5.663954;-6.658619;-8.640603;-6.3734245;-7.3644385;-9.288327;-8.199156;-8.72797;-7.0992618;-6.709641;-11.761814;-9.705021;-8.941702;-8.822652;-3.9424658;-7.565701;-8.768185;-8.156368;-11.6829605;-7.7299156;-3.5245829;-8.970475;-10.819048;-2.1350336;-8.490231;-5.2369156;-8.83887;-3.7330763;-9.254784;-9.278095;-8.189964;-5.30099;-8.328239;-9.016896;-11.188194;-9.828214;-3.733788;-5.770441;-10.113889;-11.129131;-9.141943;-9.378532;-10.114295;-10.058221;-8.618301;-10.196078;-7.677327;-10.125474;-8.594954;-9.829021;-10.653028;-8.533049;-7.9159117;-9.373098;-9.403287;-9.889039;-12.095933;-9.442106;-7.4903603;-13.402861;-8.704691;-10.1316185;-8.049303;-8.368098;-7.5162153;-10.352837;-9.228961;-10.341265;-9.469146;-10.965469;-9.801768;-9.265152;-13.716465;-8.859904;-8.010388;-9.361399;-9.860152;-7.9000025;-7.2727637;-9.087167;-11.15912;-8.96662;-10.219472;-12.517494;-9.679113;-10.877382;-11.991814;-10.042015;-10.816573;-9.977876;-6.91387;-8.547714;-10.505768;-7.936298;3.4406695;
-6.023487;-11.6579895;-2.1517422;-3.3694944;-7.417785;-10.778545;-9.990455;-5.1643863;-3.622579;-7.3351817;-2.7871954;-4.4655414;-9.937434;-9.737324;-7.1716557;-10.134602;-5.186863;-7.526138;-6.1238813;3.5861058;-7.878376;2.9636495;-10.033733;-2.5376062;-16.215828;-10.576801;-3.7897446;-7.369586;-6.3855934;11.901959;5.6145005;0.43668503;-6.579467;-9.588488;-7.965557;-5.5639386;-0.8428789;1.9678624;-2.2108936;-4.3620625;-5.2083435;-7.737927;-5.701788;-8.748194;-8.574432;-6.162958;-8.625208;-7.879121;-8.420143;-8.300373;-8.802948;-8.76854;-8.536974;-9.7542095;-7.217566;-6.687177;-6.9799337;-5.394942;-7.1308002;-6.7094264;-8.614566;-5.1543136;-8.202546;-10.260536;-8.725783;-9.994552;-7.6119456;-8.43979;-12.526173;-9.816173;-8.645464;-8.40842;-5.0173674;-6.59883;-9.583642;-8.517161;-11.890767;-8.014208;-4.942544;-11.128961;-10.222172;-3.8098845;-7.0216203;-7.0547714;-8.145193;-5.631175;-9.050266;-10.376507;-7.7750306;-7.1707745;-9.824309;-8.70851;-12.025245;-9.423615;-5.835687;-6.483074;-9.877365;-12.120777;-8.636938;-10.007039;-11.132921;-8.6814995;-8.030617;-8.895491;-7.797789;-9.313388;-9.032184;-8.819471;-8.813961;-7.781664;-6.2490225;-7.254807;-8.542816;-7.3872066;-10.015339;-8.9893675;-7.898182;-12.343132;-8.131834;-12.476082;-8.806915;-9.211903;-7.2643275;-11.617406;-9.29133;-10.497321;-9.367699;-10.92708;-10.98934;-9.707235;-14.127146;-8.591682;-8.378802;-9.084364;-9.705232;-7.7708807;-7.9904804;-9.110283;-10.731782;-9.914573;-10.087542;-11.802349;-11.243739;-12.361579;-13.127956;-12.363219;-13.121458;-9.418993;-6.225753;-8.4661875;-9.868189;-8.628236;7.138481;
-6.1604843;-12.697024;-2.1908128;-3.7462926;-7.1934485;-12.277918;-11.836542;-4.853002;-3.9140148;-9.3968;-3.3942666;-5.161954;-9.801549;-10.554116;-8.392495;-11.161938;-7.7522335;-8.64283;-5.9167724;2.7875912;-9.32929;6.9144244;-8.7533045;-3.6945062;-11.730477;-8.307184;-0.414356;-10.256369;-7.1068397;15.977396;10.20826;3.0098512;-3.364738;-7.9340367;-7.6648197;-6.673915;3.4788647;6.099122;-4.9879727;-4.6990576;-9.394078;-7.29624;-5.257659;-9.271149;-9.512406;-6.683809;-9.527513;-8.735641;-9.528189;-9.251718;-9.6615;-9.50153;-9.695497;-11.034551;-8.367422;-10.960871;-10.852774;-10.502245;-10.418894;-10.188364;-11.450693;-7.1028757;-10.003778;-10.9829235;-12.051706;-13.684719;-11.322994;-11.079376;-14.760736;-12.392244;-11.87594;-8.372122;-8.316683;-6.5868416;-9.096901;-11.229059;-13.8619;-9.105338;-8.163042;-12.084583;-10.998307;-8.265891;-6.9384427;-11.312771;-8.955895;-9.751859;-9.876541;-14.092304;-8.085288;-10.670778;-13.175009;-9.786371;-15.047998;-10.079174;-9.277193;-8.897879;-10.47462;-14.689409;-8.760429;-12.451523;-13.771215;-9.2768755;-10.295177;-9.4968195;-9.380396;-9.870494;-11.467962;-9.4171295;-10.298235;-8.889288;-7.6516957;-9.616956;-9.51326;-9.6393795;-11.991584;-9.669568;-8.991156;-13.786581;-8.9730835;-15.307756;-9.691139;-12.877085;-8.176572;-15.284085;-10.29063;-13.85956;-11.140673;-13.743315;-14.125665;-11.334164;-18.845007;-9.977992;-12.831508;-13.17158;-10.556717;-11.110117;-11.833738;-10.026585;-15.142175;-12.578857;-10.646681;-13.795031;-13.977175;-14.661663;-14.560494;-14.71673;-15.710831;-11.66386;-7.725667;-9.118688;-10.148071;-9.790147;16.286833;
-6.409255;-12.803595;-1.0684025;-3.987081;-6.5445204;-12.243538;-11.616925;-4.3176293;-5.6668534;-10.338798;-4.0230055;-4.7888536;-8.88858;-10.84649;-8.92661;-11.326506;-8.695198;-8.457443;-5.082443;2.1379876;-9.374211;8.338018;-8.231194;-3.2638435;-5.9267416;-3.4124942;1.2259631;-11.159028;-8.075474;17.791447;12.059294;3.685657;-1.2838805;-6.420149;-8.356302;-7.1534014;4.661421;8.392789;-5.7534547;-5.1178293;-10.242925;-7.042768;-5.0959034;-9.362999;-9.263496;-7.4224215;-9.229905;-7.95115;-9.6980095;-7.9282656;-9.215836;-9.22469;-9.291105;-11.224633;-7.5058312;-11.383129;-11.430733;-11.695881;-10.452035;-10.289295;-11.193531;-10.496624;-9.071325;-10.0306225;-12.114037;-14.701231;-11.668012;-10.369806;-13.796413;-11.854546;-12.231974;-7.899205;-8.414039;-8.299034;-7.909237;-11.136383;-12.555393;-8.014027;-8.75683;-11.126303;-10.884266;-10.10354;-6.8470016;-11.55799;-9.033836;-10.549818;-8.921055;-14.447321;-7.0859537;-11.143341;-13.441899;-8.897874;-15.069998;-9.379852;-10.090315;-8.987905;-9.986884;-14.499832;-7.773593;-12.712825;-13.3750515;-9.07221;-10.221571;-8.810844;-8.477633;-8.975511;-11.1419325;-9.903553;-13.656672;-9.065666;-10.916109;-12.075436;-9.138914;-11.801546;-15.353871;-9.168711;-8.684868;-13.760363;-7.9408226;-15.798455;-9.016799;-13.456095;-7.780248;-16.230232;-9.694065;-14.446476;-10.974501;-14.861713;-14.600476;-10.306764;-19.940617;-9.110933;-13.987095;-13.846521;-9.986304;-11.341068;-11.818949;-8.918658;-16.523735;-12.816785;-9.781212;-13.259979;-13.646812;-14.254591;-13.878208;-13.203178;-15.507999;-11.219185;-7.5925765;-8.222806;-9.152427;-8.026298;27.194967;
-6.3638287;-12.131808;-0.13258961;-4.162716;-6.626609;-11.734539;-10.895511;-3.9118965;-6.3824105;-10.646067;-4.4214907;-4.2587605;-8.093602;-10.412978;-8.397652;-10.199046;-8.018559;-7.8009405;-4.7106895;2.10324;-8.79504;7.227291;-8.495831;-2.7646384;-2.396154;0.46390104;1.5274863;-10.684162;-7.250506;16.848719;10.812669;3.2581632;-1.5774572;-6.2369256;-8.518822;-6.801415;3.4050064;8.428563;-6.5713515;-5.783739;-10.210088;-7.2169366;-4.7988644;-9.865389;-8.905968;-7.3162932;-8.88929;-7.612988;-9.531494;-6.9714403;-8.983679;-9.0086775;-8.603086;-11.187898;-6.8673353;-10.278007;-10.53347;-11.022697;-9.552867;-9.293833;-10.455486;-12.246441;-7.7157745;-8.817406;-11.001961;-14.100325;-10.565037;-8.7156315;-12.643454;-10.727085;-11.6990795;-7.6702647;-7.453085;-9.110582;-7.141883;-10.050369;-10.611923;-7.0077467;-8.897311;-9.7086525;-10.71915;-10.266371;-6.468777;-10.647617;-8.783854;-9.906815;-8.043075;-13.332678;-6.5583124;-10.881486;-12.337643;-7.787074;-14.490957;-8.918898;-9.431942;-8.590295;-9.262018;-13.449513;-7.122885;-11.458327;-12.479235;-8.892308;-10.047711;-8.132717;-7.112715;-8.43957;-10.1631775;-10.146273;-15.123295;-8.769751;-12.781365;-12.242461;-8.855772;-12.090584;-16.958067;-8.4328;-7.4687285;-13.535656;-7.2921925;-15.313487;-8.603535;-12.891792;-7.786072;-15.596022;-9.4958105;-13.762424;-10.697197;-14.677309;-13.749046;-9.523949;-19.179832;-8.402287;-13.867182;-12.571219;-9.558838;-10.186607;-10.591851;-8.483741;-16.430006;-11.986805;-9.128192;-11.905147;-12.562157;-13.1167965;-12.064434;-11.548482;-14.156757;-10.382185;-7.1877546;-7.550047;-8.370829;-6.563139;35.02438;
-5.896777;-11.113862;-0.086483955;-3.8765376;-6.686313;-10.701398;-9.770679;-3.8062067;-6.3726244;-10.338371;-4.8345804;-3.8417501;-7.9571857;-9.539065;-7.303294;-8.878189;-7.2398887;-7.257946;-4.7047434;2.8328197;-8.71974;6.0026827;-7.817352;-2.4867113;-0.16282225;2.1599507;1.5620716;-9.5171585;-5.748659;14.895376;8.691122;2.8427844;-2.3410301;-5.9794044;-7.9124355;-5.9699745;2.1863523;7.815308;-6.6407485;-6.3125334;-9.010719;-7.3576593;-4.4036975;-10.063689;-8.5648;-7.233055;-8.447543;-7.302398;-9.217062;-6.447978;-8.988425;-8.924081;-7.800562;-10.923447;-6.5303946;-9.19425;-9.496361;-9.664031;-8.44419;-8.790125;-10.126119;-12.758728;-6.670987;-8.209705;-9.955481;-13.350765;-9.97079;-7.619068;-11.065346;-9.788208;-11.307432;-7.929579;-6.8028297;-9.276611;-6.125029;-8.949621;-9.143909;-6.1995473;-8.669694;-8.2840605;-10.213828;-9.581502;-6.271187;-9.874329;-8.448263;-8.994543;-7.4158916;-12.186357;-6.222013;-9.684758;-10.787674;-7.2308946;-13.563087;-8.770573;-8.434491;-8.241615;-8.707638;-12.3817425;-6.696347;-9.945738;-11.707176;-8.7212715;-10.0197315;-7.5888777;-6.628004;-8.146252;-9.382839;-9.89303;-14.920341;-8.616326;-13.205467;-11.534036;-8.785932;-11.139133;-17.038128;-7.7031517;-6.4019437;-13.016144;-7.0111594;-14.383238;-8.180618;-12.481499;-7.846019;-14.66622;-9.387243;-13.02385;-10.52126;-14.226183;-12.585619;-8.967699;-18.06841;-8.127405;-13.569708;-10.87241;-9.181487;-9.46376;-9.635697;-8.02421;-16.034061;-11.018058;-8.604246;-10.3949;-11.523856;-11.713282;-10.52591;-10.66612;-13.054413;-10.207319;-6.4515405;-7.32954;-8.431054;-6.088719;37.149715;
-4.7770147;-9.729704;-0.272745;-3.015995;-6.0096216;-9.361788;-8.605213;-3.0581436;-5.8734646;-9.118263;-4.8298507;-2.9500563;-7.686517;-7.7631807;-6.8011656;-7.3870316;-6.286458;-6.4870443;-3.8914824;3.8488944;-8.286221;4.369329;-6.471054;-2.125321;1.2615142;2.7575912;1.6233501;-8.416293;-4.8983307;13.244713;6.8753753;2.061973;-3.0835202;-5.2865176;-7.560274;-5.347694;1.1220118;6.9490056;-5.7100334;-6.05528;-7.666882;-6.873928;-3.6068685;-9.195741;-7.86346;-6.5928946;-7.492904;-6.3059587;-8.141863;-5.4773455;-8.343465;-8.027597;-6.3583813;-9.813026;-5.754148;-7.5862145;-8.039338;-7.9098167;-7.107583;-7.830479;-8.981426;-12.4250555;-5.394872;-7.3304276;-8.619087;-12.544059;-9.024862;-6.944524;-8.635714;-8.635267;-10.527962;-7.3214884;-5.5331955;-9.051395;-4.5868635;-7.7086434;-7.681268;-5.3656297;-7.827321;-6.375846;-8.907334;-8.233685;-5.752743;-8.545273;-7.1709595;-7.4119873;-6.5167704;-10.522915;-5.428748;-8.252378;-9.192289;-6.1301737;-12.034912;-7.9085293;-6.6560006;-7.0248046;-7.9089246;-10.956189;-5.683115;-7.842286;-10.575727;-7.88962;-9.430326;-6.7436466;-6.212016;-7.3001833;-8.379422;-9.162019;-13.615926;-7.7132406;-12.495817;-10.628882;-8.050796;-9.601313;-16.076817;-6.557625;-5.4028587;-12.193152;-6.2671328;-13.316096;-7.1617126;-11.592519;-7.2088585;-13.021641;-8.529453;-11.727411;-9.745866;-13.314493;-10.954082;-7.991835;-16.744946;-7.100795;-12.837887;-8.887691;-8.395657;-8.150549;-7.929452;-7.0800986;-14.959542;-9.807894;-7.395752;-8.944178;-10.599318;-10.283232;-9.155713;-9.590778;-12.156158;-10.022234;-5.255062;-6.3718553;-7.74467;-4.9866095;37.31449;
-4.311863;-8.513266;0.030327559;-1.8451554;-4.4577703;-8.886318;-7.4649343;-1.8680112;-5.450571;-8.139137;-4.0789413;-2.0687027;-6.550665;-5.633079;-6.5068417;-6.4469423;-3.6267912;-5.163777;-2.8835948;3.6714628;-7.6467967;3.3989859;-5.8650293;-2.121274;1.0856323;3.906539;0.83633244;-7.3214417;-4.9096365;12.852152;6.0413322;0.7064793;-2.9998453;-5.0174317;-7.0768948;-4.9290485;0.030685782;6.3717957;-4.105847;-4.5255213;-6.807604;-5.8941464;-2.8899925;-7.172444;-6.4148026;-5.3754425;-5.601956;-4.8572626;-6.186655;-4.150547;-7.2091913;-6.8679676;-4.513467;-8.198063;-4.223364;-6.061781;-6.209157;-6.1491857;-5.6964235;-6.3813148;-7.3833046;-10.462654;-3.452274;-5.860121;-7.215335;-10.984825;-7.0781064;-5.96233;-5.7962713;-6.885657;-9.289482;-5.9838133;-4.40804;-8.086098;-3.8948395;-6.210348;-6.325446;-3.8392901;-6.334503;-4.2752013;-6.8902216;-6.4617405;-4.6621537;-7.3274393;-5.558736;-5.427755;-4.9428453;-8.3567505;-4.1738915;-7.0076327;-7.1612244;-4.0052204;-10.057517;-6.3421206;-4.73735;-5.1221695;-6.767634;-9.603762;-4.207306;-5.898009;-9.252712;-6.639875;-8.694736;-5.391064;-5.5584025;-5.5027;-7.032524;-7.3630085;-11.51395;-5.7840924;-10.926552;-9.671403;-6.8525763;-7.563505;-14.088383;-4.8165092;-4.703106;-10.9821005;-4.9000216;-12.019917;-5.8408837;-9.981994;-6.1502266;-10.864568;-6.8967905;-9.471158;-8.534048;-11.798567;-8.359129;-6.4430475;-14.526838;-5.749428;-10.830768;-6.637388;-7.1551623;-6.9376297;-5.7840815;-5.4839954;-12.824516;-7.835351;-5.432482;-7.1872864;-8.999624;-8.800026;-7.6503277;-8.568743;-10.573299;-8.802509;-4.299439;-4.8651648;-6.5842795;-3.6930516;35.589916;
-4.4310966;-7.497884;0.5238785;-0.20899379;-3.2952409;-8.452839;-6.779647;-0.71456575;-4.731435;-7.68495;-3.6288276;-1.0556624;-4.3772974;-4.180453;-6.6751747;-5.671177;-1.5510931;-4.5014753;-2.842925;1.4149555;-6.9644523;2.7198048;-4.8845434;-3.6435194;1.1835103;5.0086136;1.1153184;-7.0534067;-5.3401194;12.205178;5.133239;0.14931273;-3.195804;-3.945536;-6.7055016;-5.061986;-1.3046358;7.1143293;-3.6754394;-3.247023;-5.9300175;-5.278226;-2.5278552;-5.814846;-5.7161026;-4.1505194;-4.5965085;-4.0882792;-5.124729;-3.840076;-6.0895357;-6.492701;-4.2821226;-6.7865725;-3.157004;-5.932086;-6.055781;-6.7244654;-5.993756;-5.737821;-6.9564548;-9.750879;-2.4900613;-5.3517294;-6.3744535;-10.151852;-5.839847;-5.2684255;-4.1366215;-5.9862127;-7.685964;-4.9755898;-3.826822;-6.6128216;-4.340448;-5.9202485;-5.4147773;-3.2569745;-6.0083075;-2.1500177;-5.5595465;-6.2990894;-3.6056635;-7.6376495;-4.435332;-5.1731453;-3.722634;-7.278661;-3.6605685;-7.0168085;-6.3034096;-3.128765;-8.504877;-5.12632;-4.3630476;-4.9154367;-5.9705796;-9.046387;-3.1926556;-5.452979;-7.5790443;-5.699638;-8.049038;-4.251802;-5.671435;-4.504201;-6.1333113;-5.8244076;-10.701154;-4.79086;-9.750418;-9.274686;-5.931981;-6.139269;-12.203171;-3.361116;-3.7512298;-8.81163;-4.3617415;-10.755905;-5.4190626;-9.308903;-5.8854723;-9.851377;-5.8382273;-7.980174;-7.8554277;-10.96179;-6.702676;-5.1989336;-12.197218;-5.476168;-9.696237;-5.671034;-6.283349;-5.982934;-5.488099;-4.8967886;-11.114018;-5.675701;-4.6077104;-5.9193945;-6.9560356;-7.60497;-6.494834;-8.108599;-8.394907;-8.288087;-4.232725;-4.0625606;-5.8861403;-2.8277457;32.93578;
-4.143264;-6.181976;-0.29959422;0.49341714;-2.5639462;-7.3073254;-5.9819083;0.23284906;-3.4749203;-6.127873;-4.2056894;-0.81470835;-2.6630807;-3.6986456;-6.757383;-4.466139;-1.7792776;-4.3643074;-2.3283157;-0.19899905;-5.945862;1.3688593;-3.1558414;-2.92978;2.0291872;6.3480577;1.1032877;-6.3999977;-5.6973257;11.191865;4.0693073;0.53310096;-2.4929013;-3.115879;-5.763562;-5.036055;-1.4529526;7.214452;-4.172432;-2.567937;-5.5292225;-4.8109136;-2.9952195;-5.1382236;-5.1762486;-3.2979143;-4.1008453;-3.6038811;-4.155818;-3.705676;-5.091659;-6.249345;-4.073283;-5.754834;-2.576243;-6.172947;-6.340786;-7.39445;-6.246281;-4.6875916;-5.8279114;-8.742009;-1.6981578;-3.5716245;-4.896546;-8.490692;-5.11733;-4.2354546;-3.3646586;-4.969774;-6.0673995;-4.348267;-3.9153113;-5.413353;-3.9770453;-5.1771374;-4.248832;-2.7814827;-5.0895834;0.22015959;-4.962598;-6.890734;-2.692331;-7.7041073;-3.9984055;-5.244203;-2.972484;-6.7946215;-3.1298518;-6.149225;-5.488672;-2.9546378;-6.790677;-4.041468;-4.977276;-5.036336;-4.846291;-8.222611;-2.6102889;-4.715187;-6.293169;-5.155223;-6.557947;-3.528957;-5.2553535;-3.879438;-5.0797863;-4.9136753;-9.654486;-4.4152737;-8.554754;-8.473627;-4.7465997;-4.5261116;-9.96173;-2.492882;-2.323279;-5.972063;-3.7703202;-9.296761;-4.952348;-7.9149575;-5.808755;-8.807739;-4.8002405;-6.8584814;-7.0064616;-9.762293;-5.3229356;-4.5661573;-10.461455;-5.1303945;-8.277131;-4.779293;-5.423799;-4.4454765;-5.371867;-4.1664433;-9.410469;-3.9866962;-4.1985936;-4.6566653;-4.611449;-6.4162025;-5.4153924;-6.8051624;-5.726804;-7.8270674;-4.0451155;-3.5612934;-4.6335683;-1.8393062;30.266132;
-3.9954326;-5.3194056;-0.68345165;0.29338393;-1.7552966;-5.9530573;-4.0445924;1.2227877;-2.4875083;-4.5236344;-4.2509108;-1.1683497;-1.0543802;-3.433401;-6.0606604;-3.6854072;-0.15930301;-3.1978588;-1.4057949;-1.0203636;-5.0172515;0.34840515;-2.0667343;-1.2472522;3.4188468;8.520842;1.4270681;-5.021649;-5.726042;9.175406;2.345759;1.138333;-1.9570496;-2.3564043;-4.0956473;-4.613308;-0.6781504;6.523479;-4.2247167;-1.4346961;-5.5156865;-3.9678307;-2.6289716;-4.2733774;-4.2908316;-2.5479112;-2.6837616;-3.3012743;-3.2579236;-3.4252543;-4.4729023;-5.9886127;-3.040984;-4.875415;-1.7889051;-5.6920176;-5.091275;-6.182368;-5.4174857;-3.2881718;-3.4821615;-6.906578;-0.7100978;-1.8601173;-3.9169073;-6.2892547;-3.8030012;-3.2750616;-2.1769922;-3.3988895;-4.7634153;-3.7974627;-3.7916079;-4.9484243;-3.1434522;-4.0364547;-2.5744667;-2.023759;-3.9782941;2.0516272;-4.0497456;-7.1049747;-1.6440784;-6.6693516;-3.6039824;-4.9227676;-2.1131272;-5.839742;-2.7593656;-4.7382965;-4.6948466;-1.7831358;-6.062103;-2.98936;-4.688942;-3.8676934;-3.261207;-6.4578724;-1.824662;-3.2796307;-5.053609;-4.5138545;-4.7414455;-2.3819518;-3.5526776;-2.859561;-4.0018234;-3.7243125;-8.2984705;-3.4494143;-7.5951824;-7.443672;-3.4908547;-3.5195975;-8.186733;-1.7202334;-1.1304195;-3.91291;-2.425269;-7.4216785;-3.8492167;-6.0631924;-5.0060863;-7.3455534;-3.8117661;-5.528967;-5.9572034;-8.018494;-4.0959773;-3.5421321;-8.309738;-4.7649837;-7.250167;-4.3623;-4.4961934;-3.3248143;-5.2218986;-2.9505227;-8.235762;-3.0742972;-3.215197;-2.7588644;-2.6948624;-5.2604437;-3.9214337;-4.8478723;-4.0367956;-7.0716705;-3.5801198;-2.3967829;-3.4834406;-0.9812222;28.182198;
-4.070873;-5.4320087;-1.0093082;0.52219105;-1.4886129;-5.586537;-3.367785;1.4393581;-3.128305;-3.8867908;-4.307488;-1.4150665;-0.70220125;-3.7846177;-5.4415402;-4.105681;-0.23416896;-3.0886302;-1.6382341;-0.866228;-4.8217688;0.56647503;-1.9356157;-0.14634013;4.400832;9.214458;1.8058048;-4.947817;-5.7670584;9.16017;1.7715514;0.9838155;-1.776284;-2.0719354;-3.3772295;-4.7788315;0.031954527;6.139874;-2.8501205;-1.6469638;-4.837258;-3.7562099;-2.408119;-4.38341;-4.3646393;-2.4480186;-2.6634016;-3.5865188;-3.3684673;-3.4256587;-4.883869;-5.7780504;-2.7374368;-5.129973;-2.231295;-5.610859;-4.9088807;-5.817961;-5.394162;-2.9965034;-2.4009612;-6.5837564;-0.050748736;-1.4296099;-3.8341985;-5.766792;-3.6478038;-3.5025556;-2.828568;-3.3337998;-4.589756;-3.8963735;-4.099106;-4.790929;-2.767943;-3.2852695;-2.1379402;-2.082865;-2.858409;3.2274303;-3.9233751;-7.4203987;-1.7438838;-6.654311;-3.503584;-4.8191137;-2.4894145;-5.444105;-2.8739963;-4.342741;-4.174173;-1.9738201;-6.4347706;-3.2826717;-4.6462827;-3.684301;-2.9734564;-5.859976;-2.0637636;-3.2612062;-4.954816;-4.9326696;-3.7996824;-2.4794357;-2.8765478;-3.1880414;-3.766669;-3.7930942;-7.7533283;-3.3998494;-7.0026464;-6.9212523;-3.8522644;-2.824138;-7.947307;-2.0351403;-0.896587;-3.0755763;-2.2675178;-7.5225544;-3.7254038;-5.8216505;-4.73717;-7.4481344;-3.292473;-5.4083996;-6.136483;-7.7861786;-4.0733943;-3.5862186;-8.2491665;-5.1522617;-6.5316696;-3.320928;-4.3649325;-2.7265184;-4.715826;-3.006715;-7.320408;-3.1859396;-3.082663;-2.7161937;-2.5081782;-4.836615;-3.429943;-4.496954;-3.5032363;-6.81011;-3.8313546;-2.3532877;-3.5063717;-0.28157318;28.577831;
-3.2636323;-4.6881285;0.6082363;0.33655465;-0.23611915;-3.4324498;-1.4961232;0.91333175;-3.7069795;-3.131863;-3.3269062;-1.7693665;0.90572554;-2.7343392;-3.409916;-4.469385;0.57038486;-2.3822203;-0.9731828;0.467677;-5.0497055;1.1767571;-1.7912177;2.2760344;3.531021;8.599205;1.4080292;-4.5485325;-6.173927;8.137028;2.0488899;0.31659102;-2.634328;-1.7131431;-2.4284577;-3.9416828;-0.049467087;4.4671564;-1.1825047;-0.97075725;-3.432016;-2.9778724;-1.6473818;-3.5069857;-3.6333663;-1.7858828;-2.2909913;-3.4416928;-2.868691;-2.3803093;-4.530342;-4.440953;-1.8115412;-4.172692;-2.4325726;-3.3986387;-3.7670424;-5.0783777;-3.8159432;-0.49468267;-1.5652857;-4.6847215;1.9254574;-0.5455182;-2.8823175;-4.8819532;-2.4079604;-2.8155522;-3.2145076;-3.492126;-3.8672435;-3.3969061;-2.4224627;-4.290121;-0.14542657;-1.2714857;-1.4046202;-0.9459546;-0.16972566;4.282732;-2.8879988;-6.2916517;-1.5596527;-5.24192;-2.8338375;-3.3617222;-1.9601024;-5.139823;-2.176263;-3.6580153;-3.401707;-1.8634276;-6.0476875;-3.3008418;-4.269973;-2.2959237;-1.9997232;-4.9607115;-2.1581712;-3.2605522;-4.306984;-4.12172;-2.1485596;-2.2141063;-2.3030808;-2.6865766;-1.7651894;-3.40132;-6.6274924;-2.3706434;-5.665354;-5.888198;-3.1797986;-2.0786033;-7.086238;-2.0110393;-0.39306253;-2.6986258;-1.9708647;-6.0354214;-2.792114;-4.910427;-3.5678704;-6.5653486;-1.952719;-4.626522;-5.513148;-7.8897285;-3.2803545;-2.9433675;-6.925634;-4.4009285;-3.9730358;-0.63159966;-3.8499138;-2.000676;-2.1910174;-2.4418273;-4.41875;-3.3217282;-2.561812;-3.5557425;-1.7023888;-3.6729548;-2.4072826;-3.6151824;-2.8880875;-5.649852;-3.4098446;-1.3841124;-2.7408042;0.38970983;25.724245;
-3.3200603;-4.946213;2.0770278;0.48223013;-0.7279473;-4.497284;-2.2779827;0.12598097;-5.183197;-3.4437451;-2.1619604;-2.3082232;1.8923892;-4.0713143;-3.473142;-6.438529;1.3743472;-2.287612;-0.75389147;-0.053092003;-6.9256263;2.9306402;-2.6226666;1.9462407;4.1656938;8.160761;0.49937147;-4.540465;-7.6460896;7.193782;5.530573;-0.36846638;-3.090953;-1.737831;-2.7202075;-4.1798716;-0.49295664;5.011596;-1.7934873;-0.46313125;-3.7633529;-2.5817847;-1.3543911;-3.1583934;-2.0092428;-1.5564471;-1.771363;-3.6244793;-2.9860902;-1.7607604;-4.4843154;-4.486417;-2.2604063;-4.341868;-2.516768;-3.6375904;-3.6534429;-5.342737;-4.5793657;-0.5368938;-2.9269927;-4.577092;1.8748426;-1.3549906;-2.7388859;-4.977742;-2.6071858;-3.7145658;-3.6478567;-4.234514;-5.003297;-3.363471;-2.9192722;-4.1675806;-1.9642854;-1.9996085;-2.8615696;-0.6010865;-0.75936276;2.3701746;-2.4194326;-5.680816;-1.6981028;-6.2765093;-3.0214598;-3.2431197;-2.1840944;-4.7274256;-1.9297266;-4.065091;-4.030499;-1.5335695;-6.6350756;-3.680771;-4.198755;-2.1313877;-1.8979809;-5.9516363;-2.163952;-4.961898;-5.1858053;-3.1862907;-2.5214624;-2.4087064;-3.4318447;-1.6986138;-2.7176414;-3.248754;-6.878196;-1.9525442;-6.1632886;-5.6935563;-3.339282;-3.6620395;-7.6506953;-2.3237212;-1.4423932;-2.8196993;-1.9005105;-5.6841083;-2.4020407;-5.811137;-3.1900253;-6.109314;-1.3214965;-4.67111;-4.7903447;-7.667844;-4.153869;-2.7265847;-6.108291;-4.0970407;-4.436248;-1.7048993;-4.07835;-3.2732615;-2.351231;-2.118004;-4.0986514;-3.6513708;-2.7875273;-4.467068;-1.8689157;-3.7678652;-2.811816;-4.3743386;-4.0109425;-6.408725;-3.392351;-1.4549966;-3.6055295;-0.5664544;22.825489;
-3.570825;-5.177187;1.4711769;-0.6236864;-2.5510328;-5.3846006;-2.7848418;-0.6996046;-6.1803613;-3.92557;-2.9945304;-2.424704;1.1441183;-5.9085207;-4.8825984;-6.7392106;0.28602052;-3.8684802;-0.811859;-0.6430966;-7.595356;3.648188;-3.868441;0.061165307;4.358705;8.12405;0.62482804;-5.2565284;-7.386468;6.9521284;7.4884;-0.197117;-1.822623;-2.4227157;-3.6091433;-5.4499884;0.51586795;5.586746;-2.7581453;-0.7860187;-4.395694;-3.6933808;-2.173011;-4.0103636;-2.9677165;-2.4382179;-2.8903234;-3.4652963;-4.0070534;-3.2667656;-4.9574156;-5.7944117;-4.0289607;-5.9394126;-3.3915339;-4.9324584;-4.8163652;-6.6388326;-5.1986084;-2.0549605;-4.0064898;-5.825302;0.8212092;-1.9896182;-3.8089056;-5.3296924;-3.8908238;-4.1563516;-4.2127166;-5.528361;-5.518464;-4.760079;-4.362362;-4.3128767;-2.6864552;-2.5370696;-3.468667;-2.3304513;-3.606089;1.4428287;-3.7226994;-6.118081;-2.3783345;-6.8397512;-4.205391;-5.1538496;-3.3500624;-5.6693907;-3.2571046;-6.13888;-5.31347;-2.3504355;-6.9623737;-5.156506;-6.056596;-4.784262;-2.8734488;-7.8821115;-3.1004064;-6.744222;-6.101394;-3.967622;-3.0148215;-3.8574243;-4.361057;-2.6387105;-3.9853356;-4.442805;-7.8600063;-3.200468;-7.2343;-6.388939;-4.009925;-5.0148892;-7.8041553;-3.1278582;-1.7636266;-2.5214245;-2.490129;-5.915082;-3.509205;-6.557905;-4.432427;-6.856143;-2.010958;-5.3738985;-5.430834;-7.311594;-5.15326;-3.6829598;-6.5517206;-4.466732;-6.3407826;-3.321515;-4.774953;-4.1495104;-3.602595;-3.319683;-5.9098024;-3.969122;-4.006789;-4.874273;-3.8101416;-4.42797;-3.5708506;-4.9488015;-4.006364;-6.810691;-4.5878477;-3.185977;-4.2999635;-1.7672973;25.715866;
-3.7430308;-5.1028905;-0.014139056;-1.9624375;-3.5742416;-4.2964983;-2.9711323;-0.8278378;-7.8423615;-4.3781133;-3.3686893;-2.9468975;1.1282088;-5.9691143;-4.583206;-5.627169;-0.80900025;-3.6836486;-0.48188388;-0.90007997;-8.167976;2.404148;-4.1527677;0.4417912;6.7362814;8.887424;1.7640123;-4.8200026;-7.686713;6.0368423;6.343131;0.1348775;-1.6425469;-2.2616744;-3.277288;-5.0145245;1.0886679;5.7930527;-2.4908967;-0.4917012;-3.4363177;-3.7026074;-3.02456;-4.3997636;-3.7418404;-3.1207426;-3.1908329;-2.9020622;-4.1015754;-4.014995;-4.960985;-5.8221064;-4.37222;-6.034901;-2.9274154;-5.0929437;-4.860019;-5.858135;-4.173627;-2.4564216;-3.561822;-5.8513546;1.0361842;-1.3384343;-4.0795693;-4.7278776;-3.641176;-4.039691;-3.759389;-4.5285683;-4.891094;-3.99822;-4.4429045;-3.9928682;-2.5727463;-1.841584;-2.2933657;-2.3745902;-4.683164;1.5592158;-3.0297828;-6.1872587;-2.7437441;-6.172628;-4.919192;-4.8926024;-3.3866773;-4.860656;-3.5454195;-4.927547;-4.5889087;-2.2015498;-5.572874;-5.2002397;-6.077883;-4.5771303;-2.2090945;-6.5627475;-2.5264478;-5.13136;-5.5805993;-4.236748;-1.1537918;-3.5454838;-3.6132321;-2.9045181;-3.504593;-4.5342484;-8.16942;-3.924275;-7.378061;-5.987957;-3.749214;-4.964074;-7.309371;-2.895373;-0.45477375;-1.2437811;-2.293158;-5.6877575;-3.45155;-6.108539;-4.2420797;-6.0816765;-2.4390159;-4.8515244;-4.803294;-5.908016;-4.1169176;-3.2464833;-6.5506186;-4.1972885;-7.405547;-4.114476;-4.3267107;-4.3150887;-3.5789583;-3.080227;-7.371662;-3.2642784;-3.9785197;-3.329185;-3.4519525;-4.106381;-3.3077142;-3.1890063;-3.142439;-6.383925;-4.589271;-3.1712792;-3.4510984;-1.0391306;28.782719;
-2.552214;-3.9118052;1.1693139;-0.65913117;-1.4714756;-3.8034024;-0.30042747;0.50591576;-6.2424054;-2.1518404;-2.1238205;-1.5514214;2.1934566;-2.9471376;-2.85124;-3.5531387;1.9161649;-1.6092944;0.8030969;-0.008056402;-6.1182504;1.7953751;-2.2724082;0.961087;8.230219;10.428589;0.800429;-3.9310617;-6.37179;4.5434904;5.1137676;0.7766157;-0.17832722;-0.2829293;-1.9126796;-3.1737669;1.6806755;5.2195354;-0.8800931;0.39498144;-2.1694512;-1.8963656;-2.2263553;-2.182704;-1.435361;-1.2415854;-0.7614737;-0.8326673;-1.9333142;-1.4048047;-2.5933585;-3.7161233;-1.9250488;-2.988638;-1.1678163;-2.9474976;-2.3348742;-3.0122235;-0.9718697;-1.451407;-1.8739235;-3.8099709;2.1811705;-0.45326638;-2.6202936;-2.8734891;-1.8488083;-1.5063348;-1.7638245;-2.0709295;-4.346086;-1.4089576;-0.15344425;-3.2915235;-0.9525095;-0.046298504;0.55751765;-0.06522101;-2.789627;1.4344412;-0.36857417;-3.9701753;-0.89772856;-2.9988792;-2.8192472;-2.75155;-1.0450044;-1.607289;-1.444399;-1.6818938;-1.3593006;0.48327214;-3.5877247;-2.5055861;-3.995587;-1.3605556;0.12933254;-3.058193;0.5284419;-1.739939;-1.9009717;-1.9376122;-0.21758339;-0.80874074;-1.2628427;-0.47323155;-1.0635152;-2.0294552;-6.3660016;-1.7751585;-4.7570405;-3.763367;-0.92064714;-2.9763002;-4.654669;-1.2392478;1.1522133;-0.3592073;-0.027395844;-4.0040474;-0.64586186;-3.9073348;-2.0289483;-3.8268132;-1.0845491;-2.6143758;-2.8119323;-3.1765041;-1.6263305;-1.1299711;-4.083323;-2.5355697;-5.6449156;-1.8889569;-2.1696174;-2.624527;-1.4846766;-0.3800441;-5.1463656;-2.0423305;-0.85672677;-0.26167065;-1.9621683;-2.6937945;-0.83725935;-0.92458886;-2.2239258;-3.9560802;-2.0842729;0.16440195;-1.214307;1.2446165;27.629108;
-0.2858634;-1.7705531;2.6790094;0.20832478;1.059578;-2.4873214;2.1575756;1.5972008;-4.2605224;-0.021244407;-1.5858495;0.022182286;2.8832774;-1.3541361;-0.515595;-1.720569;2.7035935;0.055960953;2.3327005;1.0995567;-4.2496486;1.2153177;-0.59958524;1.6353592;9.579653;10.771662;-0.19589138;-3.4700303;-3.9809346;3.7409046;4.002158;0.9580406;-0.4187283;2.0317345;-2.2188795;-2.4089975;0.9430158;4.8581133;0.015105203;0.49061614;-1.4855874;0.73196703;-0.029135078;0.08285689;1.5646958;1.3466119;1.3942358;1.400239;0.79925036;1.1599013;0.015264884;-1.3732646;0.5057948;-0.49689007;0.9463196;-0.5772662;0.11853039;-1.5251591;1.7337945;0.61541295;0.1889885;-2.1921449;3.50819;0.43686092;0.055271745;-0.074341744;-0.7735374;0.58301187;0.5231658;0.18547803;-3.2161999;0.8577876;2.7662768;-2.4053886;0.6668997;1.4422985;2.633995;1.6616116;-0.7717024;1.5735555;1.3529814;-1.9385911;1.1445267;-0.21352041;0.14998844;-1.3095429;1.3649224;0.5326303;0.80844235;-0.6407435;0.83972085;3.1388097;-1.5202845;-0.29147258;-1.9100647;1.3727503;2.305987;-0.18637383;2.410833;0.6572021;1.2781482;0.8623952;0.5898423;1.5197701;0.5334865;1.7831155;1.2342938;0.82582164;-3.75653;0.7588934;-2.7277923;-1.2190359;1.5962102;-0.73642695;-2.2841022;0.7008227;1.7590817;0.17617297;1.824824;-1.6813986;1.8410292;-1.6735922;-0.2144795;-1.9710703;0.76153064;-0.48731792;-0.5435613;-1.3520048;0.54135287;0.4995615;-1.8625005;-0.40267682;-3.3481808;0.5482664;0.13417828;-0.5706632;0.14912355;1.4677035;-3.3601766;-0.43072665;1.5179825;2.075791;0.5306233;-0.65915453;1.4695244;1.1425539;-0.8605985;-1.8086989;0.0013260543;1.8589386;-0.09525406;3.1410704;27.063707;
1.2635014;-0.31538033;2.8567836;-0.30796486;2.4757888;-0.24640834;3.236633;2.7501974;-3.83049;-0.1639328;-2.489668;0.70605296;3.6454859;-0.023420453;0.8645104;0.51171184;1.4034562;1.1800445;3.536776;0.92546093;-3.7306108;0.7533065;0.09456861;1.5852753;10.849551;9.881354;1.7982048;-2.380817;-2.0343032;2.813932;2.289485;1.1658876;-0.9027509;2.827838;-2.3113327;-2.585638;1.7994266;5.4338136;0.018089652;0.58747995;-2.0336518;2.1220384;0.5360416;1.6552907;2.640626;2.0075393;2.5373049;2.737381;2.3390465;2.329359;1.5006819;-0.08198714;2.144886;0.79169434;2.5908167;-0.37106895;0.52740157;-1.1775575;2.2791035;1.8540814;1.015737;-2.1721067;4.1237364;1.8415537;0.938282;1.9003053;-0.0064553022;1.5866287;2.017923;1.7039797;-1.1852722;2.81504;2.8420095;-1.8616168;1.6072282;2.0446386;4.0997524;3.0765307;0.17192352;2.8627768;2.5700426;-1.8036201;2.2524652;0.24217343;0.9565551;-0.9041506;3.0724864;1.3171158;2.2589338;0.5670059;2.3185072;3.9231932;0.1700418;1.3755438;-0.024854064;3.1838608;3.7351317;2.0351887;4.129651;2.7548056;2.5478692;2.4503608;1.9848896;2.9884398;2.340442;3.2192767;3.0513568;1.9202851;-3.8406346;2.0735905;-2.0964127;-1.0997052;2.5397065;-0.49152339;-1.921257;2.5417106;2.4753284;1.2816215;3.5010157;0.39064956;3.5617626;-0.26272774;1.0482029;-1.0299413;2.1665483;0.58780265;0.97321403;-0.42194366;1.722924;2.5180426;-1.0664239;1.3742468;-2.282102;0.7547735;1.8128862;0.38319254;0.7123666;3.3157463;-3.3219004;1.8372934;3.1666858;3.2337809;1.6315691;1.329651;3.3922513;2.902183;1.4129056;-0.7090678;0.849672;2.6411307;1.244651;3.8568373;27.729237;
0.9542793;-0.83189034;2.6279356;-0.3425398;1.6698354;-0.4170357;2.4231148;2.7373006;-4.6413107;-1.2496816;-2.1444736;0.20383298;3.7631204;-0.34495842;0.73970145;0.6211134;0.94604313;1.0410781;3.2013242;0.4937616;-4.309743;0.7282094;-0.9725964;1.3356581;10.883617;9.707962;2.0070515;-2.459643;-2.111617;2.9885957;2.7252727;1.5267653;0.10228419;1.8571693;-2.2994184;-3.165941;2.464357;4.386719;-0.47097558;0.20393893;-3.20488;1.4597194;0.21660703;0.87634224;1.7265447;1.2278899;2.0703259;2.3230772;1.9150032;1.8152047;0.9203033;-0.6270529;1.9979923;0.25236213;2.2848775;-1.158577;-0.17163539;-2.2378135;1.5347271;1.0806258;1.2364362;-2.9086754;3.1900148;1.8418422;-0.08871794;1.4459699;-0.8351245;0.92424405;0.9442091;1.247251;-1.2601199;2.8211455;1.9820689;-2.197218;0.62505925;2.142934;3.9592195;2.9132648;0.2903701;1.9441807;2.2057362;-2.8009229;1.8437431;-0.6089692;-0.25683665;-1.6669644;2.8015752;0.18020964;1.8001809;-0.23662686;1.175214;3.6528301;-0.65550613;1.1908076;-0.31743836;2.6201713;3.3452125;1.2148124;3.9378204;2.2751663;1.7491009;1.7337139;2.0129182;2.8416634;2.742886;2.7860923;3.0889363;1.0475883;-4.199412;1.4073479;-2.717552;-1.5703117;2.1615353;-0.70373344;-2.17464;2.1639967;2.522585;1.0270531;3.115519;0.03991556;2.9016848;-0.37684;0.3239944;-1.5713508;1.2995262;-0.15014172;-0.025800943;-1.7814243;1.0248258;2.5756624;-1.7341003;0.81897247;-2.9622617;-0.2501185;1.7085918;-0.24660408;0.59817415;3.1794982;-3.96041;1.180851;2.4175842;2.6110392;0.89763415;0.43486905;3.0387685;3.1349669;0.56292593;-1.3139287;0.69464463;2.2803926;1.0345774;3.935967;29.028402;
0.593295;-0.83989143;3.0317335;-0.39395446;1.3257631;-0.27755213;1.6761613;2.6173403;-4.9485564;-1.9627818;-1.6912608;0.07689977;3.794187;-0.33926082;1.0252386;0.6028306;0.75445914;0.99651206;3.1105819;0.3132363;-4.351156;0.38278833;-1.5031743;1.0842941;11.522998;10.263168;2.201148;-2.4800315;-1.8399913;3.0864208;2.5167036;1.3088781;0.38292077;1.4021475;-2.1191669;-3.4441702;2.3515542;3.6186354;-0.74192286;-0.50541055;-3.5600715;0.9828306;0.21578497;0.63261753;1.4490882;0.73518157;1.5401708;2.0996356;1.3022918;1.7593377;0.5457426;-0.953184;1.5199885;0.03329456;1.756629;-1.7159146;-0.3362646;-2.5149302;1.263968;0.7305109;0.9824392;-3.4260168;2.5461807;1.7407093;-0.9425514;0.8201891;-1.0081974;0.515703;0.23106647;0.78965527;-1.5176706;2.7680345;1.4227824;-2.214669;0.32386416;2.3441596;3.516215;2.7119107;0.21086824;1.4870374;1.7486372;-3.462473;1.7984135;-1.0865469;-0.6988083;-1.8187212;2.401929;-0.022673368;1.4167329;-0.46094584;0.7651061;3.300744;-1.3418726;0.97881806;-0.6456356;2.151865;2.9807105;0.5167215;3.7705731;1.8001875;0.8145044;1.1204581;1.505864;2.480832;2.4638643;2.3300517;2.6165128;0.40943468;-4.6315966;0.85169166;-3.4205065;-1.7436565;1.5243676;-1.0681509;-2.9699857;1.6597139;2.3333645;0.7112499;2.845923;-1.1953077;2.3950624;-0.77901626;-0.10074973;-2.026193;0.7004175;-0.69861925;-0.6125182;-2.6689012;0.39726913;2.2154007;-2.4895873;0.45008755;-3.3504744;-0.7746289;1.2180358;-0.5168675;0.6141575;2.8505378;-4.493064;0.26840532;1.795233;2.2647715;0.79520047;-0.58455765;2.729198;3.0872712;-0.09154093;-1.9265318;0.3418758;2.0993729;0.8186056;3.8408115;29.917486;
0.76580864;-0.6089313;3.1826165;-0.37260395;1.3871958;0.16398418;1.6564755;2.6203084;-5.055142;-2.080697;-1.5969791;0.29156405;3.95633;-0.002775669;1.1874666;0.7835721;0.32450348;1.0793511;2.9285848;0.1803143;-4.090431;0.21573476;-1.6319177;1.081103;11.740818;10.568588;2.348524;-2.2604659;-1.5675697;3.1710024;2.1929111;1.1556985;0.46818236;1.4339837;-2.0018094;-3.091669;2.1642213;3.345174;-0.6123967;-0.9837357;-3.4755678;0.88935214;0.47983742;0.72008616;1.4283601;0.657388;1.534844;2.3885965;1.0396534;1.7317222;0.5527894;-1.0404495;1.3580091;0.022252083;1.7024035;-1.5570624;-0.21359241;-2.4146762;1.2195042;0.87804484;0.89638335;-3.5885077;2.555472;1.684149;-0.9434632;0.79313505;-1.010904;0.51923025;0.2914257;0.7970343;-1.2793678;2.876911;1.4544404;-2.2164025;0.4557816;2.5445995;3.3959885;2.7227826;0.13775802;1.4624441;1.7032658;-3.458619;1.9472469;-0.97975683;-0.6939795;-1.776388;2.431182;0.28934467;1.4949236;-0.40082812;0.69432557;3.2637148;-1.2695664;1.1152519;-0.6992203;2.2461398;2.9471703;0.42618775;3.8543801;1.7255942;0.66102374;1.0794458;1.6760831;2.437224;2.5608563;2.2771099;2.5615373;0.25244737;-4.8422;0.70081526;-3.6134663;-1.6160611;1.4118577;-1.1278529;-3.1405978;1.6189938;2.3938594;0.85426927;2.9652514;-1.2566645;2.367432;-0.76198447;-0.24122632;-2.065558;0.63793504;-0.68299735;-0.6216793;-2.8879766;0.4384923;2.1900136;-2.410672;0.3084892;-3.3887491;-0.7834883;1.136101;-0.4223169;0.51076806;2.8752575;-4.6342196;0.261729;1.6901829;2.308919;0.828324;-0.5812069;2.7860541;2.9404335;-0.2126987;-1.977266;0.3702619;2.009016;0.98793775;3.8598316;30.389431;
0.9509186;-0.5717344;3.251316;-0.4430011;1.4371939;0.63455;1.6276555;2.6401682;-5.1994267;-2.0671968;-1.4651653;0.46583647;3.9491653;0.2734183;1.2040654;0.89947927;0.06285548;1.1522412;2.893141;0.15942144;-3.8950055;0.15121034;-1.7373172;1.0359828;11.762408;10.695017;2.4033408;-2.045979;-1.3481873;3.3517907;2.180513;1.029157;0.6119511;1.2896733;-2.0262182;-2.8390903;2.1817076;3.1837552;-0.43604225;-1.2069048;-3.4360173;0.8430648;0.7016081;0.7757101;1.2907232;0.5742458;1.5643563;2.5504346;0.9207951;1.6504557;0.5670338;-1.1193643;1.3099445;0.07176286;1.6208351;-1.4825321;-0.24684107;-2.3610687;1.2019731;0.95912683;0.854571;-3.736803;2.6357472;1.6605867;-0.96377635;0.70618993;-1.0958525;0.5316695;0.2781731;0.84681267;-1.0236105;2.9390306;1.4495107;-2.135954;0.668217;2.6692724;3.3438606;2.7172184;0.074548244;1.5008416;1.7167679;-3.4835415;2.0651321;-0.99060965;-0.6573521;-1.797624;2.548285;0.32516336;1.5795052;-0.36296344;0.62246895;3.1962461;-1.1585579;1.2271992;-0.74579763;2.2766547;2.9575238;0.4026196;3.8734522;1.7558415;0.61255836;1.1065402;1.8897903;2.4006116;2.674491;2.2562013;2.497353;0.2192334;-5.043929;0.5873372;-3.7662196;-1.487901;1.4124771;-1.095959;-3.1733794;1.70133;2.5284147;1.0322285;3.013618;-1.2026341;2.3739483;-0.78293;-0.27535427;-2.0714002;0.61954963;-0.5950941;-0.5337349;-2.992592;0.5414263;2.2401333;-2.401579;0.36104172;-3.390216;-0.761567;1.1489617;-0.3956294;0.52846944;2.9770293;-4.787817;0.29238904;1.6233209;2.3892927;0.7620827;-0.5253085;2.8176498;2.8311515;-0.26592207;-1.9537866;0.40798563;1.8625759;1.0851785;3.8059266;30.97513;
0.9079017;-0.63852596;3.3886418;-0.34449732;1.6100446;0.8969001;1.425716;2.6782944;-5.2947097;-2.0842173;-1.121167;0.56061554;4.037424;0.50524205;1.1859741;0.92048305;0.19737089;1.2507691;2.9431143;0.060439676;-3.7456975;0.16998135;-1.5882248;0.9785164;12.2366295;10.887808;2.3945332;-1.9471898;-1.4492958;3.4429293;2.2528133;0.96441483;1.0356853;1.348312;-1.8468475;-2.4899745;2.1185298;3.0160708;-0.40369862;-1.2557908;-3.3019178;0.8365147;0.9455663;0.78724366;1.4271104;0.780016;1.5890552;2.5981526;0.94357187;1.7614162;0.6010869;-1.2294062;1.3830192;0.2089346;1.5372957;-1.4450998;-0.24684143;-2.2814145;1.197057;1.0051967;0.9276339;-3.8247275;2.5783436;1.7224765;-0.908221;0.5848771;-1.0853775;0.68746424;0.36935067;0.88820624;-0.9710467;3.0671844;1.4491624;-1.8421918;0.6783014;2.679646;3.2842648;2.845836;0.03234172;1.4055699;1.6387391;-3.4264174;2.276612;-1.051884;-0.5205618;-1.7999876;2.6115956;0.28589106;1.6756045;-0.3406005;0.5021944;3.1675823;-1.2636144;1.4283868;-0.80374527;2.260884;2.9981291;0.26014543;3.9204893;1.7173522;0.5980828;1.080276;1.8870199;2.5075665;2.7450986;2.3275213;2.4298;0.31400573;-5.1168203;0.6114448;-3.7840493;-1.3549317;1.45762;-1.0804217;-3.2037914;1.8377646;2.6590905;1.0217828;3.0431237;-1.2463031;2.4405107;-0.85601246;-0.23546696;-2.0906646;0.6814215;-0.425969;-0.4844935;-3.079948;0.47980547;2.3549776;-2.330048;0.41319597;-3.3317385;-0.76428163;1.0870892;-0.24344277;0.43862963;3.0635734;-4.8132467;0.23367465;1.6537377;2.4921184;0.8132853;-0.6255226;2.9427266;2.8070197;-0.30181003;-2.0028963;0.5301475;1.8373613;1.1911422;3.7745717;31.084278;
0.8454219;-0.52770436;3.4153042;-0.17511511;1.8013841;1.1591723;1.2767657;2.7086554;-5.2749896;-2.109705;-0.94143057;0.66248214;4.2565684;0.69555175;1.2129083;0.90160996;0.21127331;1.331744;2.953806;-0.10189164;-3.6216538;0.061823502;-1.4615996;0.9268845;12.520407;10.855526;2.4909763;-1.8773282;-1.7015285;3.3310823;2.0876057;0.94235045;1.1177347;1.4371455;-1.7592837;-2.227232;1.9044304;2.9719658;-0.43304685;-1.3216014;-3.192944;0.90978676;1.0709336;0.79225606;1.5528511;0.9293246;1.6885136;2.6302724;1.0335612;1.7696114;0.5849151;-1.3032624;1.3529425;0.27082527;1.5679982;-1.3598763;-0.2108345;-2.177481;1.1423862;1.0348788;0.93636453;-3.8888426;2.554497;1.7277704;-0.7446959;0.50877476;-0.98623836;0.78748703;0.52986073;0.9428644;-0.81432116;3.1579123;1.5153806;-1.4851142;0.56463623;2.6136835;3.2447495;2.9722848;-0.04497552;1.4026212;1.5987918;-3.3473585;2.4385912;-1.0925179;-0.41780293;-1.7438874;2.777878;0.27835834;1.727124;-0.3030448;0.45907795;3.1535132;-1.269903;1.5847628;-0.8475044;2.2943945;3.0298176;0.18606949;3.932228;1.6552691;0.644261;1.1408026;1.9568288;2.6212726;2.7401495;2.4485917;2.4156518;0.4420789;-5.25043;0.65716755;-3.7820015;-1.2699755;1.5423836;-1.1034912;-3.1958127;2.0126522;2.7654972;1.108489;3.139119;-1.1678672;2.5305176;-0.87632954;-0.1985625;-2.0931442;0.75474787;-0.28693378;-0.35524797;-3.143989;0.47494185;2.4750137;-2.1627746;0.44680047;-3.2717714;-0.7948313;1.0066403;-0.11928749;0.21952927;3.1561785;-4.813333;0.32962668;1.6785159;2.6330097;0.92016643;-0.5213145;3.0348592;2.705174;-0.20984614;-2.1105917;0.6733193;1.8440454;1.3339192;3.7754867;30.697155;
0.74753326;-0.23481607;3.394053;0.051464677;1.9618629;1.3167753;1.1806508;2.727441;-5.0209885;-2.073223;-0.8868712;0.7261921;4.490709;0.8663585;1.2863352;0.87428606;0.21657354;1.378252;2.9660456;-0.26342818;-3.3937583;-0.10732287;-1.3904624;0.89357203;12.581246;10.699871;2.6113844;-1.8403242;-2.1003394;3.164842;1.9647143;0.97806466;1.1311308;1.4200912;-1.7282836;-2.1532125;1.638324;3.0373263;-0.56944346;-1.355277;-3.147369;0.9886848;1.1392817;0.7628496;1.6584501;1.0681896;1.7487562;2.654156;1.1392946;1.7615545;0.56818557;-1.3700168;1.2725356;0.23366016;1.7266291;-1.281918;-0.18463516;-2.0763526;1.1334513;1.0528029;0.871014;-3.8922808;2.6192327;1.7463976;-0.57694376;0.44609964;-0.8089559;0.82714295;0.6809075;0.9527434;-0.63017404;3.2248697;1.6431231;-1.0920999;0.42014164;2.4781222;3.1894383;3.0990758;-0.101977944;1.4988756;1.5955005;-3.238052;2.5708852;-1.0826141;-0.37796044;-1.6628863;3.0336633;0.22706473;1.7624052;-0.27455497;0.47756565;3.1681302;-1.2482653;1.7424115;-0.9442363;2.329271;3.157805;0.12517309;3.9208531;1.5615396;0.6419946;1.3187802;2.0007584;2.7279925;2.6738496;2.594101;2.4908457;0.59900016;-5.3499637;0.6959813;-3.7365515;-1.2539918;1.6668415;-1.1164732;-3.1194572;2.1800022;2.8250995;1.2486838;3.264446;-1.0353129;2.6395133;-0.8765048;-0.1436212;-2.0565593;0.90671;-0.16727269;-0.19880903;-3.1998825;0.45349646;2.6174512;-1.9818916;0.5011128;-3.2218223;-0.87790906;0.92980886;-0.08682501;0.045741916;3.304389;-4.828266;0.4470389;1.6716967;2.7740426;1.0549908;-0.33871424;3.0658221;2.5264006;-0.034023046;-2.2089446;0.7787116;1.8693473;1.4636409;3.757838;30.115177;
0.6578353;0.04744321;3.3350294;0.25515544;2.0349443;1.3779137;1.1251336;2.740419;-4.75967;-1.9714913;-0.86221534;0.70811325;4.6142855;0.94499;1.3491862;0.8415236;0.2290805;1.3304435;3.0001898;-0.37650314;-3.1698742;-0.2651955;-1.3990885;0.89284015;12.4592285;10.460526;2.6964843;-1.7996513;-2.505153;3.0422547;1.9529521;1.0038636;1.1046689;1.2891284;-1.7693224;-2.179543;1.3909016;3.11437;-0.74783564;-1.376829;-3.1369379;1.0168796;1.1493478;0.6728781;1.721002;1.2065661;1.7459319;2.6285622;1.2246392;1.6941856;0.518479;-1.4818882;1.1533241;0.1465922;1.9336343;-1.2224911;-0.21600151;-2.0195782;1.1611811;1.021364;0.7862606;-3.86339;2.7121036;1.7162383;-0.42991066;0.41929036;-0.6411344;0.8335708;0.7940142;0.90633476;-0.48376942;3.233149;1.7627927;-0.7758934;0.25387216;2.3143945;3.1312404;3.1332295;-0.123547316;1.6186492;1.6012988;-3.1185045;2.6415696;-1.0909642;-0.4354651;-1.6055702;3.2879045;0.13509893;1.7837102;-0.32354355;0.53080916;3.1535478;-1.2475526;1.8902681;-1.0767686;2.3382595;3.3255918;0.10949826;3.8708768;1.4982628;0.6200113;1.5280699;2.0118208;2.8139188;2.5458035;2.679089;2.5916424;0.756383;-5.370348;0.7213356;-3.6597996;-1.2908173;1.7877399;-1.0597881;-3.0349326;2.3290727;2.8214936;1.340289;3.3577616;-0.8840406;2.7418616;-0.90928733;-0.15009785;-2.0090954;1.0442266;-0.08775735;-0.084061265;-3.1923318;0.4609586;2.729192;-1.854612;0.5310389;-3.2047348;-0.98591566;0.8565012;-0.13660657;-0.0474236;3.4166803;-4.856984;0.5539982;1.6216369;2.789704;1.1442502;-0.18699467;3.0012171;2.311801;0.11896837;-2.307807;0.7665963;1.8467224;1.5634003;3.7102737;29.561129;
0.6121913;0.23882091;3.3245077;0.42344284;2.0669208;1.3521657;1.031056;2.812241;-4.6070933;-1.7885696;-0.7459524;0.6418129;4.665417;0.9733926;1.3681552;0.8327729;0.31758168;1.197809;3.1003747;-0.38418466;-2.9656262;-0.38280386;-1.4399872;0.8822905;12.470412;10.301763;2.817517;-1.8168851;-2.8570538;2.9558465;2.0764847;0.9934065;1.1300954;1.1542032;-1.8889263;-2.2791576;1.1714685;3.1148343;-1.0018327;-1.3901354;-3.1801462;1.0567366;1.2391165;0.5841435;1.8144366;1.4561094;1.7077897;2.5912383;1.3014777;1.656382;0.477369;-1.5930636;1.0512271;0.15478504;2.135373;-1.1565236;-0.24288225;-1.9729878;1.2825792;0.9700788;0.7521632;-3.809751;2.822701;1.6063254;-0.24293005;0.48756897;-0.4200102;0.8976444;0.91904455;0.8489176;-0.42191863;3.3098245;1.9246932;-0.6357845;0.21818388;2.1902795;3.0887477;3.1066818;-0.10882342;1.7573133;1.6530383;-3.0301008;2.6892734;-1.0757356;-0.5308939;-1.579427;3.5577729;0.006780386;1.8587635;-0.4576006;0.61571765;3.1399727;-1.317181;2.089724;-1.2106633;2.367582;3.5436237;0.17463136;3.848772;1.5646324;0.6322948;1.7254238;1.9584372;2.9493327;2.388017;2.729374;2.714285;0.9889207;-5.2281265;0.80987513;-3.5026853;-1.3563504;1.922349;-0.90178967;-2.8922327;2.5112576;2.7862742;1.3270828;3.4739928;-0.73876965;2.8607638;-0.95487034;-0.22571194;-1.9752227;1.1884633;0.02183795;-0.02041471;-3.0812907;0.5622648;2.837751;-1.7769759;0.57233405;-3.2663498;-1.1066619;0.8531782;-0.21529496;-0.026364803;3.479713;-4.896768;0.61053014;1.6067808;2.725719;1.2441958;-0.089416265;2.9179373;2.1529088;0.19759488;-2.3675697;0.6554479;1.8381681;1.6853764;3.6984959;29.283642;
0.26457715;0.25003856;3.4560485;0.58731395;1.9756241;1.0745333;0.72103614;2.8140197;-4.5735817;-1.6526403;-0.5505173;0.53426564;4.7826786;0.84279865;1.1040772;0.6204236;0.50584376;0.893637;3.1088176;-0.4662852;-2.6296978;-0.44319713;-1.4803375;0.83472985;12.595746;10.1615715;2.7404108;-1.8948902;-3.4349694;2.8361118;2.4086297;0.85847235;1.3974289;1.0173256;-2.093509;-2.1922178;1.137283;2.9648166;-1.5068002;-1.5212432;-3.2292168;0.8785646;1.4228842;0.32236207;1.8393967;1.6601667;1.4979074;2.3328524;1.1312002;1.6341755;0.31629473;-1.7723551;0.7720696;0.11108434;2.1276872;-1.2740307;-0.4548962;-2.0326009;1.2621808;0.78902864;0.55277133;-3.9417012;2.6903977;1.1870794;-0.17739272;0.4586612;-0.30576408;0.9120084;0.9390962;0.58659065;-0.7371396;3.2423494;2.0542672;-0.5974654;0.14944917;1.9305514;2.8980408;2.858942;-0.14933574;1.5635736;1.5135646;-3.1039612;2.6293113;-1.011159;-0.6919062;-1.6485167;3.5662003;-0.21276784;1.8649395;-0.9594096;0.5441911;2.8919668;-1.8711832;2.1662107;-1.4385186;2.0804026;3.643093;-0.19959164;3.6987705;1.2698946;0.44722283;1.7152022;1.5852731;2.9430075;1.9151022;2.6818674;2.6710577;1.1101305;-4.9353065;0.7328512;-3.3342242;-1.4542516;1.8679575;-0.91538346;-2.767241;2.4238858;2.5490637;1.0392485;3.4360452;-0.7836487;2.7028644;-1.194628;-0.54693186;-2.1373477;1.1944827;-0.03355658;-0.25272536;-3.2140212;0.33784807;2.7778444;-1.8243729;0.39418346;-3.5155296;-1.3276464;0.7226666;-0.44333887;-0.1712898;3.2355962;-4.8528695;0.33881855;1.4262972;2.4679174;1.1913654;-0.25395334;2.6650782;1.8198583;-0.12260151;-2.4924142;0.42981344;1.7763871;1.5735496;3.6272917;28.799578;
-0.0652169;0.109080374;3.3191087;0.19449884;1.2952414;0.58170515;0.64507115;2.7054482;-4.491804;-1.6096556;-0.9716935;0.43348408;4.186795;0.40526524;0.88463044;0.31438595;0.307455;0.6293764;2.818139;-0.46568793;-2.684329;-0.19811371;-1.7746136;0.6816896;11.738244;9.9866495;3.0087738;-1.8427681;-3.5629315;2.928801;2.368374;0.666474;1.0659966;0.6831713;-2.173598;-2.4258885;0.9569526;3.0524924;-1.6676208;-1.623598;-3.2388854;0.2833218;0.9767091;-0.0730266;1.2176144;1.2254113;1.0263642;1.969287;0.5489631;1.060293;0.11274773;-2.014555;0.32689017;-0.30898488;1.6195309;-1.4439518;-0.7971883;-2.4974856;0.872314;0.5024007;0.14421451;-4.211027;2.6915507;0.9880335;-0.18963456;0.3666491;-0.47709596;0.5942136;0.73171955;0.28591532;-0.85848725;2.5395045;1.5993596;-1.1409212;0.026139855;1.5808854;2.4739242;2.4182057;-0.7093127;1.2179179;1.0203497;-3.372187;2.0961447;-1.2593299;-1.4228952;-1.8264918;3.1153793;-0.77815163;1.3946713;-1.6069286;0.021643996;2.282818;-2.377498;1.6359618;-1.9094853;1.4762337;3.1408632;-0.88305855;3.1281419;0.67578995;-0.07192159;1.197391;1.3773687;2.483324;1.3712534;2.172555;2.4629467;0.6916225;-5.3355193;0.123755276;-3.7515786;-2.1989834;1.4272842;-1.3719124;-3.1663446;1.9462812;2.2991366;0.9952637;2.980971;-0.9184474;2.1915114;-1.3296044;-1.0014796;-2.2901917;0.95368814;-0.56786036;-0.45403886;-3.4521399;-0.025503516;2.3411207;-2.0804143;0.107188284;-3.6679943;-1.6186954;0.4372156;-0.9530287;-0.67471576;2.8106194;-5.256908;0.31124496;0.7506701;2.0615442;0.99270445;-0.3548578;2.161725;1.4162664;-0.31223607;-2.902384;-0.014939189;1.3046849;1.1850607;3.159194;28.449743;
